Betbull Social Sports UK Limited ,true,[Tier2]
BETC London Limited ,true,"[Tier2, ICT]"
Betgenius Limited ,true,[Tier2]
Betgenius Limited ,true,"[Tier2, ICT]"
BeTomorrow UK Limited ,true,[Tier2]
Better World Charity Ltd LondonTemple F,true,[Tier2]
Beverage Services Limited ,true,"[Tier2, ICT]"
BEYOND CREATIVE LIMITED ,true,[Tier2]
Beyond Health Limited ,true,[Tier2]
BEYOND INTERNATIONAL SERVICES LTD ,true,[Tier2]
"Beyond Luxury Media Ltd Shepherds Bush, ",true,[Tier2]
Beyond the Deal LLP ,true,[Tier2]
BFC BANK LIMITED ,true,[Tier2]
BFIN Europe Holding Ltd (t/a BFIN Private Advisers UK LP & BFIN Real Estate Lond,true,"[Tier2, ICT]"
bfinance UK Limited ,true,[Tier2]
BG Infotech Ltd ,true,[Tier2]
BG&E Consulting Engineers Ltd ,true,[Tier2]
BGF Services Ltd ,true,[Tier2]
BGRS Global UK Limited ,true,"[Tier2, ICT]"
BGTA ACCELERATOR LTD ,true,[Tier2]
Bharatiya Vidya Bhavan ,true,"[Tier2, Creative]"
BH-DG Systematic Trading LLP ,true,[Tier2]
BHoldings Limited ,true,"[Tier2, ICT]"
BHP Billiton International Services Limited ,true,"[Tier2, ICT]"
BIBA Medical Limited ,true,[Tier2]
Bibblio Learning Limited LondonIsl,true,[Tier2]
Bibliotech Education Ltd ,true,[Tier2]
Bidfresh Limited ,true,[Tier2]
Big Education Trust ,true,[Tier2]
Big Fish Design Ltd ,true,[Tier2]
Big Health Ltd ,true,"[Tier2, ICT]"
Big Ideas Group Ltd ,true,[Tier2]
Big Innovation Centre ,true,[Tier2]
Big Mamma Holdings LTD ,true,[Tier2]
BIG Partners Ltd ,true,"[Tier2, ICT]"
Big Radical ,true,[Tier2]
Big Society Capital Ltd ,true,[Tier2]
Big Win Philanthropy ,true,[Tier2]
Big Worldwide Ltd ,true,[Tier2]
BigCommerce UK Ltd. ,true,"[Tier2, ICT]"
Bighams Ltd LondonPark,true,[Tier2]
Bill & Melinda Gates Foundation ,true,"[Tier2, ICT]"
Billiaze Ltd ,true,[Tier2]
"Bill's Restaurants Ltd ",true,[Tier2]
Bindy Street Limited London,true,[Tier2]
Binning Limited ,true,[Tier2]
Bio Luminuex Health Care Limited ,true,[Tier2]
Biogen Restaurant Limited ,true,[Tier2]
BioIndustry Association ,true,[Tier2]
Bioline Reagents Ltd ,true,[Tier2]
BioMarin (UK) Limited ,true,"[Tier2, ICT]"
Biotronics3D Limited ,true,[Tier2]
BIRCH GROVE PROPERTY SERVICES LTD ,true,[Tier2]
Bird & Bird LLP ,true,"[ICT, Tier2]"
Birkbeck College ,true,[Tier2]
Birlasoft (UK) Ltd ,true,"[Tier2, ICT]"
BIRUNTHA SOLICITORS LONDONLE,true,[Tier2]
Bischell Construction Limited ,true,[Tier2]
Bishop Challoner Federation of Schools ,true,[Tier2]
Bishopsfield Capital Partners Limited ,true,[Tier2]
BISMILLAH HAJJ & UMRAH LTD ,true,[Tier2]
Bissell and Partners Ltd ,true,[Tier2]
Bisset Adams ,true,[Tier2]
BIT4ID LIMITED LondonPl,true,[Tier2]
BJB Limited London,true,[Tier2]
Bjorn Borg UK Limited ,true,[Tier2]
BKUK Group Limited ,true,"[Tier2, ICT]"
Black and Blum Limited ,true,[Tier2]
Black Book London Limited ,true,[Tier2]
Black Box Project Limited ,true,[Tier2]
Black Mountain Systems Limited ,true,"[Tier2, ICT]"
BLACK STAR CAPITAL LIMITED ,true,[Tier2]
Black Sun Plc ,true,[Tier2]
Black Swan Data Limited London,true,"[Tier2, ICT]"
"Black Tomato Ltd London,City of",true,[Tier2]
Blackbaud Europe Ltd ,true,"[Tier2, ICT]"
BLACKBOARD (UK) LIMITED ,true,"[Tier2, ICT]"
Blackbridge Communications LTD ,true,[Tier2]
Blackheath High School GDST ,true,"[Creative, Tier2]"
BlackLine Systems Limited ,true,"[Tier2, ICT]"
Blacklion Law LLP London,true,[Tier2]
BLACKMILK MEDIA LTD ,true,[Tier2]
Blackrock Expert Services London,true,[Tier2]
BLACKROCK INVESTMENT MANAGEMENT (UK) LIMITED ,true,"[Tier2, ICT]"
Blacksheep Creatives Ltd. ,true,[Tier2]
BLACKSTONE PROPERTY MANAGEMENT LIMITED ,true,[Tier2]
Blackthorn GRC Limited ,true,[Tier2]
BLAIN SOUTHERN LIMITED ,true,"[Tier2, ICT]"
BLAIZ LIMITED ,true,[Tier2]
Blaize Inc Ltd ,true,[Tier2]
Blakehampton Business Services Ltd ,true,[Tier2]
Blakeney LLP ,true,[Tier2]
Blantyre Capital Limited ,true,[Tier2]
Blass Design LLP ,true,[Tier2]
Blast ! Films Ltd None,true,[Tier2]
Blast Design Limited ,true,[Tier2]
BLASTINGS NEWS LTD ,true,"[ICT, Tier2]"
Blayze Consulting Group Limited ,true,[Tier2]
BLD Foundation Ltd ,true,[Tier2]
Blend Technology Consultants Ltd ,true,[Tier2]
BLENDCROSS LIMITED ,true,[Tier2]
Blick Rothenberg Limited ,true,[Tier2]
Blink Productions Limited ,true,"[Creative, Tier2]"
Blippar.com Ltd United Kingdon,true,[Tier2]
Blis Media Limited ,true,[Tier2]
Bliss - The National Charity for the Newborn England,true,[Tier2]
Blissful Life Limited ,true,[Tier2]
Block Solutions Ltd ,true,[Tier2]
Blockchain (GB) Limited ,true,"[Tier2, ICT]"
BlockEx Limited ,true,[Tier2]
BLOM BANK FRANCE ,true,[Tier2]
Blondie Fashion Limited ,true,[Tier2]
Bloom and Wild Limited Greater London,true,[Tier2]
Bloom Design Limited ,true,[Tier2]
Bloomberg LP L,true,"[Tier2, ICT]"
Bloomon UK Ltd. ,true,[Tier2]
BloomReach UK Ltd ,true,"[Tier2, ICT]"
Bloomsbury Institute ,true,[Tier2]
Bloomsbury Publishing Plc ,true,[Tier2]
BLS INTERNATIONAL SERVICES (UK) Ltd ,true,"[Tier2, ICT]"
Blue Cube (GB) Ltd ,true,[Tier2]
Blue Duck Education Ltd ,true,[Tier2]
BLUE HERON CATERING LIMITED T/A BANGALORE EXPRESS ,true,[Tier2]
Blue Heron Research Partners (UK) Limited ,true,"[Tier2, ICT]"
Blue Inc (UK) Limited LondonWalth,true,[Tier2]
Blue Jeans Network Limited ,true,"[Tier2, ICT]"
Blue Marlin Brand Design Limited ,true,"[Tier2, ICT]"
Blue Matter Consulting Ltd ,true,[Tier2]
Blue Mountain Capital Partners (London) LLP ,true,"[Tier2, ICT]"
Blue Prism Limited ,true,[Tier2]
Blue Ridge Partners Management Consulting (UK) Ltd ,true,"[Tier2, ICT]"
Blue Sky Hosting Ltd ,true,[Tier2]
Blue State Digital UK Limited ,true,"[Tier2, ICT]"
Blue Turtle Consulting UK Ltd ,true,"[Tier2, ICT]"
Blue Vision Labs UK Limited ,true,[Tier2]
BLUE VISION LABS UK LIMITED ,true,"[Tier2, ICT]"
BLUE WATER ENERGY LLP ,true,[Tier2]
Blue Zoo Productions Limited ,true,[Tier2]
BlueBay Asset Management (Services) Limited ,true,"[Tier2, ICT]"
BlueBay Asset Management LLP ,true,"[Tier2, ICT]"
Bluebolt Limited ,true,"[Tier2, Creative]"
BlueCove Limited ,true,[Tier2]
BlueDrive Global Investors LLP ,true,[Tier2]
Bluefield Partners LLP ,true,[Tier2]
Bluefin Europe LLP ,true,"[Tier2, ICT]"
Blueglass Interactive UK Ltd ,true,[Tier2]
Bluejay Mining plc ,true,[Tier2]
BlueOptima Limited ,true,"[Tier2, ICT]"
Blueprint Models LTD ,true,[Tier2]
BluePrint Research Group Limited ,true,"[Tier2, ICT]"
BluePrint Research Group LLC LondonPaddington C,true,"[Tier2, ICT]"
BlueRunner Solutions Limited ,true,[Tier2]
Bluetownonline Ltd ,true,[Tier2]
BM Interim Management Ltd ,true,[Tier2]
BM Polyco Ltd ,true,[Tier2]
BMC UK Subadvisor Support Ltd ,true,[Tier2]
BMCE Bank International ,true,"[Tier2, ICT]"
BME Global Limited ,true,"[Tier2, ICT]"
BMI Healthcare Limited ,true,"[ICT, Tier2]"
BMJ Group ,true,[Tier2]
BMLL Technologies Ltd ,true,[Tier2]
BMO Capital Markets Limited ,true,"[ICT, Tier2]"
BNK (UK) LIMITED ,true,"[Tier2, ICT]"
BNP Paribas Asset Management UK Limited ,true,"[Tier2, ICT]"
BNP Paribas London Branch ,true,"[Tier2, ICT]"
BNP Paribas Securities Services ,true,[Tier2]
Board MIT Ltd ,true,"[Tier2, ICT]"
Boat Rocker Rights (UK) Ltd London,true,"[ICT, Tier2, Creative]"
Bobrick Washroom Equipment Limited ,true,"[Tier2, ICT]"
BOC Aviation UK Limited ,true,"[Tier2, ICT]"
Boeing Defence UK Limited ,true,[Tier2]
Boerboel Trading LLP ,true,"[Tier2, ICT]"
BofA Merrill Lynch Merchant Services (Europe) Limited ,true,"[Tier2, ICT]"
BOGHOSSIAN London,true,[Tier2]
Bogle Architects Ltd ,true,[Tier2]
Boies Schiller Flexner (UK) LLP ,true,"[Tier2, ICT]"
BOILER ROOM (UK) LIMITED ,true,"[Tier2, ICT]"
Boku Network Services UK Ltd ,true,[Tier2]
Bold Dragon Limited ,true,[Tier2]
Bolt Markets Ltd ,true,[Tier2]
Bond Finance Ltd ,true,[Tier2]
Bond Radar Ltd ,true,[Tier2]
Bondy Consulting Ltd ,true,[Tier2]
Bone Daddies Ltd ,true,[Tier2]
Bonhams 1793 Ltd. ,true,[Tier2]
bOnline Ltd ,true,[Tier2]
Bonneysave Limited ,true,[Tier2]
"Bonroy Petchem Co., Limited ",true,[Tier2]
Bonsoir of London Limited ,true,[Tier2]
Bonsucro Limited ,true,[Tier2]
Bookingbug Ltd ,true,[Tier2]
Bookmark Content Limited ,true,[Tier2]
Books and Periodicals Agency Ltd. ,true,[Tier2]
BookTrust ,true,[Tier2]
BOOM Collective Limited ,true,[Tier2]
BOOST&Co ,true,"[Tier2, ICT]"
Bootleg Films Limited ,true,[Tier2]
Bootstrap Company ,true,[Tier2]
Border Control Solutions Limited ,true,[Tier2]
Borderline Carpet Planning Services Limited ,true,[Tier2]
Borealis Maritime Limited ,true,[Tier2]
Born London Limited London,true,"[Tier2, ICT]"
Borne Resourcing Limited ,true,[Tier2]
Borwood Limited ,true,[Tier2]
BOSeCO ,true,[Tier2]
Bossa Studios ,true,[Tier2]
Boster Group Limited ,true,[Tier2]
Boston Partners (UK) Limited ,true,"[Tier2, ICT]"
Boudicca Proxy Consultants Limited ,true,[Tier2]
Boulder Creek Interntional plc ,true,[Tier2]
Bounce Exchange UK Ltd ,true,"[Tier2, ICT]"
BOUNCE INTERACTIVE LTD ,true,[Tier2]
Bouncepad London,true,[Tier2]
Boundary Creek UK LLP ,true,"[Tier2, ICT]"
BOUNDARY VISUALISATION LTD ,true,[Tier2]
BOUYGUES (U.K.) LIMITED ,true,"[ICT, Tier2]"
Bouygues E&S FM UK Limited ,true,"[Tier2, ICT]"
Bova Specials UK Limited ,true,"[Tier2, ICT]"
Bovill Limited ,true,[Tier2]
BOW & ARROW LIMITED ,true,[Tier2]
BOWER CHEMIST ,true,[Tier2]
Bower Cotton Solicitors LLP ,true,[Tier2]
Bowhawk Limited ,true,[Tier2]
Bowling and Co Solicitors LondonStr,true,[Tier2]
Box Clever Theatre Company ,true,[Tier2]
Box.com (UK) Limited ,true,"[Tier2, ICT]"
Boxberg Capital Limited London,true,[Tier2]
Boxfusion Consulting Limited ,true,[Tier2]
BOYDEN EXECUTIVE SEARCH LIMITED ,true,"[Tier2, ICT]"
Boyle Copper & Zinc Craft Ltd ,true,[Tier2]
BP plc ,true,"[Tier2, ICT]"
BPDM Limited London,true,[Tier2]
BPDTS Ltd ,true,[Tier2]
BPI Learning Consulting UK ,true,[Tier2]
BPP Technical Services Ltd. ,true,[Tier2]
BRACEWELL (UK) LLP ,true,"[Tier2, ICT]"
BRADESCO SECURITIES UK LIMITED ,true,"[Tier2, ICT]"
Bradfield Consulting Ltd London,true,[Tier2]
Braemar ACM Shipbroking Limited ,true,[Tier2]
Braemar Shipping Services PLC ,true,"[Tier2, ICT]"
Brain Labs Digital LTD Camden,true,[Tier2]
BRAINBOW LIMITED ,true,[Tier2]
Brainloop Ltd No selection required,true,[Tier2]
BRAINTREE LIMITED ,true,[Tier2]
Brait Advisory Services UK Limited ,true,"[Tier2, ICT]"
Brampton College ,true,[Tier2]
Brampton Manor Academy Newham,true,[Tier2]
Branchspace Limited ,true,[Tier2]
Brand Communication Creatives UK Ltd ,true,[Tier2]
Brand Design Lab (Limited) London,true,[Tier2]
Brand Genetics Limited ,true,[Tier2]
Brand Ice Ltd ,true,[Tier2]
Brand Squirrels Ltd ,true,[Tier2]
BrandCap Limited ,true,[Tier2]
Brandmovers Europe Ltd ,true,[Tier2]
Brandopus LLP ,true,[Tier2]
Brands2Life Limited ,true,[Tier2]
BrandsEye Ltd LondonVi,true,[Tier2]
Brave Bison Limited ,true,[Tier2]
BRAVO MANAGEMENT (UK) LTD ,true,[Tier2]
BRAVOCOMPANY Ltd ,true,[Tier2]
Bravura Solutions (UK) Limited ,true,"[ICT, Tier2]"
Bray & Krais Solicitors ,true,[Tier2]
Braze Limited ,true,"[Tier2, ICT]"
Bread & Honey ,true,[Tier2]
Bread Ltd ,true,[Tier2]
Breakthrough Media Network Ltd ,true,[Tier2]
Breed and Craft Limited ,true,[Tier2]
Bregal Investments LLP ,true,"[Tier2, ICT]"
Breller Ltd ,true,[Tier2]
Brent Pharmacy ,true,[Tier2]
Brettenham Primary School LondonEd,true,[Tier2]
Brewin Dolphin Limited ,true,[Tier2]
BRG Appliances Limited ,true,"[Tier2, ICT]"
BRG INFOTECH LIMITED ,true,[Tier2]
BriceAmery Capital Ltd London,true,[Tier2]
Brickendon Consulting Limited ,true,[Tier2]
Bridge Academy ,true,[Tier2]
Bridge Capital Ltd London,true,[Tier2]
Bridge International Academies Limited ,true,"[Tier2, ICT]"
Bridgepoint Advisers Limited ,true,"[ICT, Tier2]"
Bridges Fund Management Limited ,true,"[Tier2, ICT]"
Bridge-U Limited ,true,[Tier2]
Brigade Capital UK LLP ,true,"[Tier2, ICT]"
Bright Little Labs England,true,[Tier2]
Bright Partnerships Worldwide Limited ,true,[Tier2]
Bright Red Dot Foundation T/A CAN ,true,[Tier2]
Bright Six Limited Greater London,true,[Tier2]
BRIGHTCOVE UK LIMITED ,true,"[Tier2, ICT]"
Brighton London Road Vision Plus Limited TA Brighton London Road Specsavers Limited SussexB ,true,[Tier2]
Brightside Technology Ltd ,true,[Tier2]
BrightTALK Ltd UK,true,"[Tier2, ICT]"
Brillio Technologies Private Limited ,true,"[ICT, Tier2]"
Brindisa Tapas Kitchens Limited ,true,[Tier2]
BRISQQ LTD. ,true,[Tier2]
Brissenden Limited (trading as The Frameworks) ,true,"[Tier2, ICT]"
Bristows Services Limited ,true,[Tier2]
Brit Group Services Limited ,true,"[Tier2, ICT]"
BRIT Services (Technology) Limited ,true,"[Tier2, ICT]"
Britain China Trading Company Limited (BCT Ltd) ,true,[Tier2]
Britain Tamil Broadcasting UK Limited London,true,[Tier2]
Britannia Education Trust ,true,[Tier2]
BRITANNIA MARINE SERVICES LIMITED LONDONWIM,true,[Tier2]
Britannia Row Productions Ltd ,true,[Tier2]
Brite Green Ltd ,true,[Tier2]
British American Tax LondonSouth Wo,true,[Tier2]
British American Tobacco Plc ,true,"[Tier2, ICT]"
British Arab Commercial Bank Limited ,true,"[Tier2, ICT]"
BRITISH AZERBAIJANI CHAMBER OF COMMERCE ,true,[Tier2]
British Beer and Pub Association ,true,[Tier2]
British Council ,true,"[Tier2, ICT]"
British Heart Foundation ,true,[Tier2]
BRITISH HORSERACING AUTHORITY LONDON,true,[Tier2]
British Library ,true,[Tier2]
British Olympic Association ,true,[Tier2]
British Orthopaedic Assocation ,true,[Tier2]
British Poultry Council Limited ,true,[Tier2]
British Red Cross ,true,[Tier2]
British Retail Consortium ,true,[Tier2]
British Society for Immunology London,true,[Tier2]
British Society for Rheumatology ,true,[Tier2]
British Standards Institution ,true,"[Tier2, ICT]"
British Study Centres School of English Ltd ,true,[Tier2]
British Tourist Authority ,true,"[Tier2, ICT]"
British Transport Police ,true,[Tier2]
British Universities & Colleges Sport ,true,[Tier2]
Broad Reach ,true,[Tier2]
Broadbean Technology Limited LondonDoc,true,[Tier2]
Broadridge Financial Solutions Ltd ,true,"[ICT, Tier2]"
Broadstone Corporate Benefits Limited ,true,[Tier2]
Broadway Solicitors ,true,[Tier2]
Broadway Technology (UK) Limited ,true,"[Tier2, ICT]"
Brolly UK Technology Limited ,true,[Tier2]
Brompton Cross Construction Limited ,true,[Tier2]
Brompton Drinks t/a Katlist ,true,[Tier2]
BRONZE NETWORK LIMITED ,true,[Tier2]
Bronzemarch Trading Limited ,true,[Tier2]
brook henderson group ltd ,true,[Tier2]
Brook Street Planning Limited ,true,[Tier2]
Brook Street ,true,[Tier2]
Brookfield Global Asset Management Limited ,true,"[Tier2, ICT]"
BROOKLAND PARTNERS LLP ,true,[Tier2]
Brooks Murray Architects Limited ,true,[Tier2]
Brothers and Sisters ,true,[Tier2]
Browan Solicitors Ltd ,true,[Tier2]
Browhaus Limited ,true,"[ICT, Tier2]"
Brown & Batts LLP ,true,[Tier2]
Brown Advisory Limited ,true,"[Tier2, ICT]"
Brown Brothers Harriman Investor Services Limited ,true,"[ICT, Tier2]"
Brown Rudnick LLP ,true,"[Tier2, ICT]"
Brown Shipley & Co Limited ,true,[Tier2]
"Brown-Forman Beverages, Europe, Limited ",true,"[Tier2, ICT]"
Brownlow Enterprises Limited LondonHigham,true,[Tier2]
Brownlow Enterprises Limited LondonPalmers,true,[Tier2]
Brownlow Enterprises Limited LondonWhe,true,[Tier2]
Brownlow Enterprises Limited LondonMuswel,true,[Tier2]
Browns (South Molton Street) Ltd ,true,[Tier2]
Bruce And Brown Ltd ,true,[Tier2]
Bruce Shaw LLP ,true,[Tier2]
Brunswick Consultants LTD ,true,"[ICT, Tier2]"
Brunswick House Cafe Limited ,true,[Tier2]
Bryan Cave Leighton Paisner LLP ,true,"[ICT, Tier2]"
"Bryan O'Sullivan Studio LONDONSHOR",true,[Tier2]
Bryant Artists Ltd ,true,"[Tier2, Creative]"
Bryden Wood Ltd ,true,[Tier2]
Brydg Capital LTD Greater London,true,[Tier2]
BSA Business Software Alliance Inc ,true,[Tier2]
BSF International Ltd England,true,"[Tier2, ICT]"
BSS Associates Ltd ,true,[Tier2]
B-Stock Solutions Ltd ,true,[Tier2]
BT Group ,true,"[Tier2, ICT]"
BTA Limited LondonWand,true,[Tier2]
BTC GROUP ,true,[Tier2]
BTG International Limited ,true,"[Tier2, ICT]"
BTG Pactual Europe LLP London4-19 Berkeley ,true,"[Tier2, ICT]"
BTIG Limited ,true,"[ICT, Tier2]"
BTVK Advisory LLP ,true,"[Tier2, ICT]"
Bubble Ltd ,true,[Tier2]
Buchanan Advertising UK Ltd ,true,"[Tier2, ICT]"
BUCHLER BARNETT SPENCER LTD ,true,[Tier2]
Buck Consultants Limited ,true,"[Tier2, ICT]"
BUCKLEY GRAY YEOMAN ,true,[Tier2]
Buckthorn Corporate Limited ,true,[Tier2]
Budding Learners Ltd ,true,[Tier2]
BUGS Bioscience Ltd ,true,[Tier2]
Buhler UK Limited ,true,"[Tier2, ICT]"
Buildburo Limited Greater London,true,[Tier2]
BUILDERS UNION LLP ,true,[Tier2]
BUILDING DESIGN PARTNERSHIP LIMITED t/a BDP Ltd ,true,"[Tier2, ICT]"
BUILT ENVIRONMENT REALITY CAPTURE LIMITED ,true,[Tier2]
Built-ID Ltd ,true,[Tier2]
